-- MySQL dump 10.13  Distrib 8.0.38, for Win64 (x86_64)
--
-- Host: localhost    Database: recipeheaven
-- ------------------------------------------------------
-- Server version	8.0.39

/*!40101 SET @OLD_CHARACTER_SET_CLIENT=@@CHARACTER_SET_CLIENT */;
/*!40101 SET @OLD_CHARACTER_SET_RESULTS=@@CHARACTER_SET_RESULTS */;
/*!40101 SET @OLD_COLLATION_CONNECTION=@@COLLATION_CONNECTION */;
/*!50503 SET NAMES utf8 */;
/*!40103 SET @OLD_TIME_ZONE=@@TIME_ZONE */;
/*!40103 SET TIME_ZONE='+00:00' */;
/*!40014 SET @OLD_UNIQUE_CHECKS=@@UNIQUE_CHECKS, UNIQUE_CHECKS=0 */;
/*!40014 SET @OLD_FOREIGN_KEY_CHECKS=@@FOREIGN_KEY_CHECKS, FOREIGN_KEY_CHECKS=0 */;
/*!40101 SET @OLD_SQL_MODE=@@SQL_MODE, SQL_MODE='NO_AUTO_VALUE_ON_ZERO' */;
/*!40111 SET @OLD_SQL_NOTES=@@SQL_NOTES, SQL_NOTES=0 */;

--
-- Table structure for table `categories`
--

DROP TABLE IF EXISTS `categories`;
/*!40101 SET @saved_cs_client     = @@character_set_client */;
/*!50503 SET character_set_client = utf8mb4 */;
CREATE TABLE `categories` (
  `category_id` int NOT NULL AUTO_INCREMENT,
  `category_name` varchar(100) NOT NULL,
  `description` text,
  PRIMARY KEY (`category_id`)
) ENGINE=InnoDB AUTO_INCREMENT=11 DEFAULT CHARSET=utf8mb4 COLLATE=utf8mb4_0900_ai_ci;
/*!40101 SET character_set_client = @saved_cs_client */;

--
-- Dumping data for table `categories`
--

LOCK TABLES `categories` WRITE;
/*!40000 ALTER TABLE `categories` DISABLE KEYS */;
INSERT INTO `categories` VALUES (1,'Appetizers','Start your meal with something light.'),(2,'Main Courses','Filling dishes for every meal.'),(3,'Desserts','Satisfy your sweet tooth.'),(4,'Salads','Fresh and healthy options.'),(5,'Soups','Warm and comforting recipes.'),(6,'Beverages','Drinks for all occasions.'),(7,'Snacks','Quick and easy bites.'),(8,'Breakfast','Kickstart your day.'),(9,'Vegan','Plant-based recipes.'),(10,'Gluten-Free','Delicious recipes without gluten.');
/*!40000 ALTER TABLE `categories` ENABLE KEYS */;
UNLOCK TABLES;

--
-- Table structure for table `likes_on_recipes`
--

DROP TABLE IF EXISTS `likes_on_recipes`;
/*!40101 SET @saved_cs_client     = @@character_set_client */;
/*!50503 SET character_set_client = utf8mb4 */;
CREATE TABLE `likes_on_recipes` (
  `like_id` int NOT NULL AUTO_INCREMENT,
  `user_id` int DEFAULT NULL,
  `recipe_id` int DEFAULT NULL,
  `created_at` timestamp NULL DEFAULT CURRENT_TIMESTAMP,
  PRIMARY KEY (`like_id`),
  KEY `user_id` (`user_id`),
  KEY `recipe_id` (`recipe_id`),
  CONSTRAINT `likes_on_recipes_ibfk_1` FOREIGN KEY (`user_id`) REFERENCES `users` (`user_id`),
  CONSTRAINT `likes_on_recipes_ibfk_2` FOREIGN KEY (`recipe_id`) REFERENCES `recipes` (`recipe_id`)
) ENGINE=InnoDB AUTO_INCREMENT=1015 DEFAULT CHARSET=utf8mb4 COLLATE=utf8mb4_0900_ai_ci;
/*!40101 SET character_set_client = @saved_cs_client */;

--
-- Dumping data for table `likes_on_recipes`
--

LOCK TABLES `likes_on_recipes` WRITE;
/*!40000 ALTER TABLE `likes_on_recipes` DISABLE KEYS */;
INSERT INTO `likes_on_recipes` VALUES (1,6,32,'2024-12-05 06:56:39'),(2,15,9,'2024-12-05 06:59:17'),(3,36,39,'2024-12-05 06:59:17'),(4,10,4,'2024-12-05 06:59:17'),(5,33,31,'2024-12-05 06:59:17'),(6,5,13,'2024-12-05 06:59:17'),(7,18,1,'2024-12-05 06:59:17'),(8,19,22,'2024-12-05 06:59:17'),(9,40,20,'2024-12-05 06:59:17'),(10,32,6,'2024-12-05 06:59:17'),(11,6,33,'2024-12-05 06:59:17'),(12,23,10,'2024-12-05 06:59:17'),(13,36,16,'2024-12-05 06:59:17'),(14,1,23,'2024-12-05 06:59:17'),(15,39,27,'2024-12-05 06:59:17'),(16,28,40,'2024-12-05 06:59:17'),(17,10,18,'2024-12-05 06:59:17'),(18,33,24,'2024-12-05 06:59:17'),(19,26,36,'2024-12-05 06:59:17'),(20,40,8,'2024-12-05 06:59:17'),(21,6,3,'2024-12-05 06:59:17'),(22,33,42,'2024-12-05 06:59:17'),(23,22,21,'2024-12-05 06:59:17'),(24,31,45,'2024-12-05 06:59:17'),(25,34,30,'2024-12-05 06:59:17'),(26,21,2,'2024-12-05 06:59:17'),(27,32,29,'2024-12-05 06:59:17'),(28,38,5,'2024-12-05 06:59:17'),(29,24,15,'2024-12-05 06:59:17'),(30,21,37,'2024-12-05 06:59:17'),(31,40,34,'2024-12-05 06:59:17'),(32,3,12,'2024-12-05 06:59:17'),(33,38,26,'2024-12-05 06:59:17'),(34,13,17,'2024-12-05 06:59:17'),(35,32,7,'2024-12-05 06:59:17'),(36,32,19,'2024-12-05 06:59:17'),(37,34,41,'2024-12-05 06:59:17'),(38,2,11,'2024-12-05 06:59:17'),(39,19,44,'2024-12-05 06:59:17'),(40,30,28,'2024-12-05 06:59:17'),(41,26,35,'2024-12-05 06:59:17'),(42,34,14,'2024-12-05 06:59:17'),(43,11,32,'2024-12-05 06:59:17'),(44,38,25,'2024-12-05 06:59:17'),(45,23,38,'2024-12-05 06:59:17'),(46,16,43,'2024-12-05 06:59:17'),(65,7,44,'2024-12-05 06:59:28'),(66,5,28,'2024-12-05 06:59:28'),(67,25,34,'2024-12-05 06:59:28'),(68,7,2,'2024-12-05 06:59:28'),(69,22,16,'2024-12-05 06:59:28'),(70,23,45,'2024-12-05 06:59:28'),(71,13,20,'2024-12-05 06:59:28'),(72,35,19,'2024-12-05 06:59:28'),(73,27,1,'2024-12-05 06:59:28'),(74,6,42,'2024-12-05 06:59:28'),(75,25,3,'2024-12-05 06:59:28'),(76,20,27,'2024-12-05 06:59:28'),(77,22,40,'2024-12-05 06:59:28'),(78,39,9,'2024-12-05 06:59:28'),(79,8,30,'2024-12-05 06:59:28'),(80,37,25,'2024-12-05 06:59:28'),(81,9,22,'2024-12-05 06:59:28'),(82,34,24,'2024-12-05 06:59:28'),(83,39,23,'2024-12-05 06:59:28'),(84,14,13,'2024-12-05 06:59:28'),(85,7,43,'2024-12-05 06:59:28'),(86,35,4,'2024-12-05 06:59:28'),(87,27,8,'2024-12-05 06:59:28'),(88,25,39,'2024-12-05 06:59:28'),(89,38,6,'2024-12-05 06:59:28'),(90,3,26,'2024-12-05 06:59:28'),(91,15,38,'2024-12-05 06:59:28'),(92,18,21,'2024-12-05 06:59:28'),(93,20,31,'2024-12-05 06:59:28'),(94,2,33,'2024-12-05 06:59:28'),(95,6,7,'2024-12-05 06:59:28'),(96,17,10,'2024-12-05 06:59:28'),(97,19,15,'2024-12-05 06:59:28'),(98,36,12,'2024-12-05 06:59:28'),(99,1,41,'2024-12-05 06:59:28'),(100,15,36,'2024-12-05 06:59:28'),(101,21,17,'2024-12-05 06:59:28'),(102,24,37,'2024-12-05 06:59:28'),(103,13,35,'2024-12-05 06:59:28'),(104,26,5,'2024-12-05 06:59:28'),(105,24,29,'2024-12-05 06:59:28'),(106,13,18,'2024-12-05 06:59:28'),(107,18,11,'2024-12-05 06:59:28'),(108,2,14,'2024-12-05 06:59:28'),(109,9,32,'2024-12-05 06:59:28'),(128,28,21,'2024-12-05 06:59:30'),(129,32,22,'2024-12-05 06:59:30'),(130,15,37,'2024-12-05 06:59:30'),(131,21,1,'2024-12-05 06:59:30'),(132,18,42,'2024-12-05 06:59:30'),(133,12,7,'2024-12-05 06:59:30'),(134,10,27,'2024-12-05 06:59:30'),(135,1,3,'2024-12-05 06:59:30'),(136,23,9,'2024-12-05 06:59:30'),(137,25,24,'2024-12-05 06:59:30'),(138,4,12,'2024-12-05 06:59:30'),(139,7,16,'2024-12-05 06:59:30'),(140,19,29,'2024-12-05 06:59:30'),(141,39,38,'2024-12-05 06:59:30'),(142,28,26,'2024-12-05 06:59:30'),(143,15,17,'2024-12-05 06:59:30'),(144,2,44,'2024-12-05 06:59:30'),(145,1,14,'2024-12-05 06:59:30'),(146,23,5,'2024-12-05 06:59:30'),(147,29,10,'2024-12-05 06:59:30'),(148,29,25,'2024-12-05 06:59:30'),(149,1,30,'2024-12-05 06:59:30'),(150,32,31,'2024-12-05 06:59:30'),(151,16,43,'2024-12-05 06:59:30'),(152,30,28,'2024-12-05 06:59:30'),(153,19,35,'2024-12-05 06:59:30'),(154,5,11,'2024-12-05 06:59:30'),(155,24,20,'2024-12-05 06:59:30'),(156,8,19,'2024-12-05 06:59:30'),(157,25,6,'2024-12-05 06:59:30'),(158,18,34,'2024-12-05 06:59:30'),(159,36,18,'2024-12-05 06:59:30'),(160,6,45,'2024-12-05 06:59:30'),(161,32,23,'2024-12-05 06:59:30'),(162,21,4,'2024-12-05 06:59:30'),(163,27,36,'2024-12-05 06:59:30'),(164,13,39,'2024-12-05 06:59:30'),(165,22,33,'2024-12-05 06:59:30'),(166,32,8,'2024-12-05 06:59:30'),(167,15,15,'2024-12-05 06:59:30'),(168,37,32,'2024-12-05 06:59:30'),(169,11,13,'2024-12-05 06:59:30'),(170,37,41,'2024-12-05 06:59:30'),(171,32,40,'2024-12-05 06:59:30'),(172,10,2,'2024-12-05 06:59:30'),(191,4,1,'2024-12-05 07:01:39'),(192,34,6,'2024-12-05 07:01:39'),(193,4,5,'2024-12-05 07:01:39'),(194,8,30,'2024-12-05 07:01:39'),(195,28,21,'2024-12-05 07:01:39'),(196,11,42,'2024-12-05 07:01:39'),(197,32,10,'2024-12-05 07:01:39'),(198,28,35,'2024-12-05 07:01:39'),(199,32,30,'2024-12-05 07:01:39'),(200,38,34,'2024-12-05 07:01:39'),(201,34,2,'2024-12-05 07:01:39'),(202,24,37,'2024-12-05 07:01:39'),(203,15,17,'2024-12-05 07:01:39'),(204,31,34,'2024-12-05 07:01:39'),(205,17,37,'2024-12-05 07:01:39'),(206,32,23,'2024-12-05 07:01:39'),(207,6,7,'2024-12-05 07:01:39'),(208,16,23,'2024-12-05 07:01:39'),(209,14,7,'2024-12-05 07:01:39'),(210,29,9,'2024-12-05 07:01:39'),(211,31,13,'2024-12-05 07:01:39'),(212,4,27,'2024-12-05 07:01:39'),(213,29,37,'2024-12-05 07:01:39'),(214,36,45,'2024-12-05 07:01:39'),(215,14,31,'2024-12-05 07:01:39'),(216,16,40,'2024-12-05 07:01:39'),(217,9,21,'2024-12-05 07:01:39'),(218,25,35,'2024-12-05 07:01:39'),(219,39,22,'2024-12-05 07:01:39'),(220,20,4,'2024-12-05 07:01:39'),(221,36,9,'2024-12-05 07:01:39'),(222,13,43,'2024-12-05 07:01:39'),(223,34,17,'2024-12-05 07:01:39'),(224,11,11,'2024-12-05 07:01:39'),(225,14,2,'2024-12-05 07:01:39'),(226,8,35,'2024-12-05 07:01:39'),(227,14,18,'2024-12-05 07:01:39'),(228,39,26,'2024-12-05 07:01:39'),(229,1,17,'2024-12-05 07:01:39'),(230,32,36,'2024-12-05 07:01:39'),(231,24,25,'2024-12-05 07:01:39'),(232,1,17,'2024-12-05 07:01:39'),(233,34,2,'2024-12-05 07:01:39'),(234,28,13,'2024-12-05 07:01:39'),(235,16,7,'2024-12-05 07:01:39'),(254,20,2,'2024-12-05 07:01:49'),(255,28,16,'2024-12-05 07:01:49'),(256,26,7,'2024-12-05 07:01:49'),(257,33,30,'2024-12-05 07:01:49'),(258,35,15,'2024-12-05 07:01:49'),(259,40,3,'2024-12-05 07:01:49'),(260,10,1,'2024-12-05 07:01:49'),(261,14,30,'2024-12-05 07:01:49'),(262,13,28,'2024-12-05 07:01:49'),(263,4,28,'2024-12-05 07:01:49'),(264,34,15,'2024-12-05 07:01:49'),(265,3,16,'2024-12-05 07:01:49'),(266,24,40,'2024-12-05 07:01:49'),(267,24,14,'2024-12-05 07:01:49'),(268,33,5,'2024-12-05 07:01:49'),(269,4,9,'2024-12-05 07:01:49'),(270,25,22,'2024-12-05 07:01:49'),(271,23,16,'2024-12-05 07:01:49'),(272,5,23,'2024-12-05 07:01:49'),(273,5,7,'2024-12-05 07:01:49'),(274,13,9,'2024-12-05 07:01:49'),(275,40,19,'2024-12-05 07:01:49'),(276,1,41,'2024-12-05 07:01:49'),(277,20,31,'2024-12-05 07:01:49'),(278,40,39,'2024-12-05 07:01:49'),(279,14,6,'2024-12-05 07:01:49'),(280,25,30,'2024-12-05 07:01:49'),(281,18,10,'2024-12-05 07:01:49'),(282,32,13,'2024-12-05 07:01:49'),(283,3,19,'2024-12-05 07:01:49'),(284,35,7,'2024-12-05 07:01:49'),(285,7,14,'2024-12-05 07:01:49'),(286,2,15,'2024-12-05 07:01:49'),(287,19,14,'2024-12-05 07:01:49'),(288,7,43,'2024-12-05 07:01:49'),(289,8,7,'2024-12-05 07:01:49'),(290,6,11,'2024-12-05 07:01:49'),(291,30,45,'2024-12-05 07:01:49'),(292,31,40,'2024-12-05 07:01:49'),(293,3,31,'2024-12-05 07:01:49'),(294,8,40,'2024-12-05 07:01:49'),(295,35,31,'2024-12-05 07:01:49'),(296,34,5,'2024-12-05 07:01:49'),(297,2,40,'2024-12-05 07:01:49'),(298,12,35,'2024-12-05 07:01:49'),(317,1,36,'2024-12-05 07:01:51'),(318,36,5,'2024-12-05 07:01:51'),(319,33,36,'2024-12-05 07:01:51'),(320,21,7,'2024-12-05 07:01:51'),(321,7,19,'2024-12-05 07:01:51'),(322,24,33,'2024-12-05 07:01:51'),(323,32,39,'2024-12-05 07:01:51'),(324,34,31,'2024-12-05 07:01:51'),(325,35,13,'2024-12-05 07:01:51'),(326,34,15,'2024-12-05 07:01:51'),(327,5,28,'2024-12-05 07:01:51'),(328,29,31,'2024-12-05 07:01:51'),(329,11,15,'2024-12-05 07:01:51'),(330,32,2,'2024-12-05 07:01:51'),(331,31,31,'2024-12-05 07:01:51'),(332,7,35,'2024-12-05 07:01:51'),(333,13,11,'2024-12-05 07:01:51'),(334,10,23,'2024-12-05 07:01:51'),(335,34,30,'2024-12-05 07:01:51'),(336,31,39,'2024-12-05 07:01:51'),(337,38,9,'2024-12-05 07:01:51'),(338,3,37,'2024-12-05 07:01:51'),(339,34,36,'2024-12-05 07:01:51'),(340,17,32,'2024-12-05 07:01:51'),(341,10,4,'2024-12-05 07:01:51'),(342,27,6,'2024-12-05 07:01:51'),(343,24,25,'2024-12-05 07:01:51'),(344,39,8,'2024-12-05 07:01:51'),(345,1,22,'2024-12-05 07:01:51'),(346,17,28,'2024-12-05 07:01:51'),(347,33,13,'2024-12-05 07:01:51'),(348,38,40,'2024-12-05 07:01:51'),(349,23,10,'2024-12-05 07:01:51'),(350,12,40,'2024-12-05 07:01:51'),(351,20,37,'2024-12-05 07:01:51'),(352,25,30,'2024-12-05 07:01:51'),(353,17,4,'2024-12-05 07:01:51'),(354,8,34,'2024-12-05 07:01:51'),(355,4,9,'2024-12-05 07:01:51'),(356,28,42,'2024-12-05 07:01:51'),(357,20,32,'2024-12-05 07:01:51'),(358,2,6,'2024-12-05 07:01:51'),(359,19,45,'2024-12-05 07:01:51'),(360,22,32,'2024-12-05 07:01:51'),(361,35,14,'2024-12-05 07:01:51'),(380,34,13,'2024-12-05 07:01:52'),(381,35,23,'2024-12-05 07:01:52'),(382,37,4,'2024-12-05 07:01:52'),(383,28,6,'2024-12-05 07:01:52'),(384,24,24,'2024-12-05 07:01:52'),(385,37,44,'2024-12-05 07:01:52'),(386,5,31,'2024-12-05 07:01:52'),(387,1,2,'2024-12-05 07:01:52'),(388,5,22,'2024-12-05 07:01:52'),(389,4,2,'2024-12-05 07:01:52'),(390,35,9,'2024-12-05 07:01:52'),(391,15,11,'2024-12-05 07:01:52'),(392,5,39,'2024-12-05 07:01:52'),(393,36,42,'2024-12-05 07:01:52'),(394,37,35,'2024-12-05 07:01:52'),(395,7,22,'2024-12-05 07:01:52'),(396,38,10,'2024-12-05 07:01:52'),(397,12,36,'2024-12-05 07:01:52'),(398,4,2,'2024-12-05 07:01:52'),(399,39,33,'2024-12-05 07:01:52'),(400,27,8,'2024-12-05 07:01:52'),(401,33,27,'2024-12-05 07:01:52'),(402,22,39,'2024-12-05 07:01:52'),(403,27,37,'2024-12-05 07:01:52'),(404,1,32,'2024-12-05 07:01:52'),(405,17,42,'2024-12-05 07:01:52'),(406,19,21,'2024-12-05 07:01:52'),(407,38,15,'2024-12-05 07:01:52'),(408,31,37,'2024-12-05 07:01:52'),(409,35,37,'2024-12-05 07:01:52'),(410,18,38,'2024-12-05 07:01:52'),(411,35,35,'2024-12-05 07:01:52'),(412,9,38,'2024-12-05 07:01:52'),(413,22,7,'2024-12-05 07:01:52'),(414,7,14,'2024-12-05 07:01:52'),(415,2,14,'2024-12-05 07:01:52'),(416,17,9,'2024-12-05 07:01:52'),(417,29,42,'2024-12-05 07:01:52'),(418,21,34,'2024-12-05 07:01:52'),(419,9,39,'2024-12-05 07:01:52'),(420,25,24,'2024-12-05 07:01:52'),(421,31,10,'2024-12-05 07:01:52'),(422,33,21,'2024-12-05 07:01:52'),(423,34,35,'2024-12-05 07:01:52'),(424,16,26,'2024-12-05 07:01:52'),(443,30,44,'2024-12-05 07:01:53'),(444,25,8,'2024-12-05 07:01:53'),(445,40,21,'2024-12-05 07:01:53'),(446,12,6,'2024-12-05 07:01:53'),(447,29,9,'2024-12-05 07:01:53'),(448,35,31,'2024-12-05 07:01:53'),(449,34,9,'2024-12-05 07:01:53'),(450,17,23,'2024-12-05 07:01:53'),(451,12,40,'2024-12-05 07:01:53'),(452,22,2,'2024-12-05 07:01:53'),(453,25,44,'2024-12-05 07:01:53'),(454,39,41,'2024-12-05 07:01:53'),(455,27,27,'2024-12-05 07:01:53'),(456,37,38,'2024-12-05 07:01:53'),(457,17,24,'2024-12-05 07:01:53'),(458,19,31,'2024-12-05 07:01:53'),(459,1,1,'2024-12-05 07:01:53'),(460,3,12,'2024-12-05 07:01:53'),(461,4,32,'2024-12-05 07:01:53'),(462,10,3,'2024-12-05 07:01:53'),(463,22,24,'2024-12-05 07:01:53'),(464,2,29,'2024-12-05 07:01:53'),(465,3,17,'2024-12-05 07:01:53'),(466,28,13,'2024-12-05 07:01:53'),(467,16,2,'2024-12-05 07:01:53'),(468,4,14,'2024-12-05 07:01:53'),(469,8,5,'2024-12-05 07:01:53'),(470,38,17,'2024-12-05 07:01:53'),(471,2,5,'2024-12-05 07:01:53'),(472,17,35,'2024-12-05 07:01:53'),(473,22,17,'2024-12-05 07:01:53'),(474,11,9,'2024-12-05 07:01:53'),(475,9,22,'2024-12-05 07:01:53'),(476,31,15,'2024-12-05 07:01:53'),(477,16,41,'2024-12-05 07:01:53'),(478,15,5,'2024-12-05 07:01:53'),(479,19,44,'2024-12-05 07:01:53'),(480,20,26,'2024-12-05 07:01:53'),(481,13,42,'2024-12-05 07:01:53'),(482,28,29,'2024-12-05 07:01:53'),(483,6,35,'2024-12-05 07:01:53'),(484,16,31,'2024-12-05 07:01:53'),(485,11,11,'2024-12-05 07:01:53'),(486,18,20,'2024-12-05 07:01:53'),(487,36,7,'2024-12-05 07:01:53'),(506,3,41,'2024-12-05 07:01:53'),(507,13,38,'2024-12-05 07:01:53'),(508,10,33,'2024-12-05 07:01:53'),(509,34,4,'2024-12-05 07:01:53'),(510,34,43,'2024-12-05 07:01:53'),(511,10,15,'2024-12-05 07:01:53'),(512,39,36,'2024-12-05 07:01:53'),(513,2,40,'2024-12-05 07:01:53'),(514,10,25,'2024-12-05 07:01:53'),(515,3,32,'2024-12-05 07:01:53'),(516,10,5,'2024-12-05 07:01:53'),(517,32,29,'2024-12-05 07:01:53'),(518,31,44,'2024-12-05 07:01:53'),(519,21,33,'2024-12-05 07:01:53'),(520,1,40,'2024-12-05 07:01:53'),(521,15,11,'2024-12-05 07:01:53'),(522,4,30,'2024-12-05 07:01:53'),(523,4,20,'2024-12-05 07:01:53'),(524,37,13,'2024-12-05 07:01:53'),(525,27,23,'2024-12-05 07:01:53'),(526,19,37,'2024-12-05 07:01:53'),(527,29,7,'2024-12-05 07:01:53'),(528,21,9,'2024-12-05 07:01:53'),(529,18,26,'2024-12-05 07:01:53'),(530,20,37,'2024-12-05 07:01:53'),(531,22,13,'2024-12-05 07:01:53'),(532,32,3,'2024-12-05 07:01:53'),(533,40,34,'2024-12-05 07:01:53'),(534,31,25,'2024-12-05 07:01:53'),(535,19,31,'2024-12-05 07:01:53'),(536,39,37,'2024-12-05 07:01:53'),(537,8,21,'2024-12-05 07:01:53'),(538,29,10,'2024-12-05 07:01:53'),(539,36,39,'2024-12-05 07:01:53'),(540,24,17,'2024-12-05 07:01:53'),(541,4,16,'2024-12-05 07:01:53'),(542,19,11,'2024-12-05 07:01:53'),(543,32,12,'2024-12-05 07:01:53'),(544,37,38,'2024-12-05 07:01:53'),(545,16,21,'2024-12-05 07:01:53'),(546,7,17,'2024-12-05 07:01:53'),(547,16,36,'2024-12-05 07:01:53'),(548,31,22,'2024-12-05 07:01:53'),(549,6,8,'2024-12-05 07:01:53'),(550,21,45,'2024-12-05 07:01:53'),(569,19,13,'2024-12-05 07:01:54'),(570,2,15,'2024-12-05 07:01:54'),(571,20,23,'2024-12-05 07:01:54'),(572,1,27,'2024-12-05 07:01:54'),(573,38,42,'2024-12-05 07:01:54'),(574,31,1,'2024-12-05 07:01:54'),(575,34,4,'2024-12-05 07:01:54'),(576,38,19,'2024-12-05 07:01:54'),(577,10,44,'2024-12-05 07:01:54'),(578,6,37,'2024-12-05 07:01:54'),(579,24,25,'2024-12-05 07:01:54'),(580,37,44,'2024-12-05 07:01:54'),(581,4,23,'2024-12-05 07:01:54'),(582,11,39,'2024-12-05 07:01:54'),(583,19,36,'2024-12-05 07:01:54'),(584,20,4,'2024-12-05 07:01:54'),(585,39,27,'2024-12-05 07:01:54'),(586,2,20,'2024-12-05 07:01:54'),(588,39,21,'2024-12-05 07:01:54'),(589,14,16,'2024-12-05 07:01:54'),(590,29,24,'2024-12-05 07:01:54'),(591,18,31,'2024-12-05 07:01:54'),(592,2,10,'2024-12-05 07:01:54'),(593,36,36,'2024-12-05 07:01:54'),(594,12,4,'2024-12-05 07:01:54'),(595,21,16,'2024-12-05 07:01:54'),(596,9,3,'2024-12-05 07:01:54'),(597,25,39,'2024-12-05 07:01:54'),(598,19,35,'2024-12-05 07:01:54'),(599,19,44,'2024-12-05 07:01:54'),(600,20,22,'2024-12-05 07:01:54'),(601,39,15,'2024-12-05 07:01:54'),(602,31,39,'2024-12-05 07:01:54'),(603,40,15,'2024-12-05 07:01:54'),(604,27,17,'2024-12-05 07:01:54'),(605,35,8,'2024-12-05 07:01:54'),(606,10,35,'2024-12-05 07:01:54'),(607,2,43,'2024-12-05 07:01:54'),(608,24,6,'2024-12-05 07:01:54'),(609,35,43,'2024-12-05 07:01:54'),(610,7,43,'2024-12-05 07:01:54'),(611,9,10,'2024-12-05 07:01:54'),(612,19,32,'2024-12-05 07:01:54'),(613,6,24,'2024-12-05 07:01:54'),(632,10,26,'2024-12-05 07:02:01'),(633,7,6,'2024-12-05 07:02:01'),(634,6,13,'2024-12-05 07:02:01'),(635,40,6,'2024-12-05 07:02:01'),(636,26,35,'2024-12-05 07:02:01'),(637,40,30,'2024-12-05 07:02:01'),(638,13,25,'2024-12-05 07:02:01'),(639,32,14,'2024-12-05 07:02:01'),(640,5,30,'2024-12-05 07:02:01'),(641,39,40,'2024-12-05 07:02:01'),(642,21,42,'2024-12-05 07:02:01'),(643,4,28,'2024-12-05 07:02:01'),(644,33,9,'2024-12-05 07:02:01'),(645,22,5,'2024-12-05 07:02:01'),(646,36,7,'2024-12-05 07:02:01'),(647,3,41,'2024-12-05 07:02:01'),(648,12,33,'2024-12-05 07:02:01'),(649,31,29,'2024-12-05 07:02:01'),(650,37,30,'2024-12-05 07:02:01'),(651,23,40,'2024-12-05 07:02:01'),(652,27,32,'2024-12-05 07:02:01'),(653,22,25,'2024-12-05 07:02:01'),(654,5,43,'2024-12-05 07:02:01'),(655,17,10,'2024-12-05 07:02:01'),(656,33,18,'2024-12-05 07:02:01'),(657,20,15,'2024-12-05 07:02:01'),(658,6,32,'2024-12-05 07:02:01'),(659,6,28,'2024-12-05 07:02:01'),(660,25,8,'2024-12-05 07:02:01'),(661,4,40,'2024-12-05 07:02:01'),(662,6,5,'2024-12-05 07:02:01'),(663,3,3,'2024-12-05 07:02:01'),(664,3,8,'2024-12-05 07:02:01'),(665,25,29,'2024-12-05 07:02:01'),(666,11,20,'2024-12-05 07:02:01'),(667,14,20,'2024-12-05 07:02:01'),(668,4,10,'2024-12-05 07:02:01'),(669,30,5,'2024-12-05 07:02:01'),(670,11,44,'2024-12-05 07:02:01'),(671,4,24,'2024-12-05 07:02:01'),(672,16,16,'2024-12-05 07:02:01'),(673,23,35,'2024-12-05 07:02:01'),(674,8,28,'2024-12-05 07:02:01'),(675,20,26,'2024-12-05 07:02:01'),(676,17,17,'2024-12-05 07:02:01'),(695,25,44,'2024-12-05 07:02:02'),(696,40,3,'2024-12-05 07:02:02'),(697,11,6,'2024-12-05 07:02:02'),(698,36,5,'2024-12-05 07:02:02'),(699,33,34,'2024-12-05 07:02:02'),(700,12,10,'2024-12-05 07:02:02'),(701,7,9,'2024-12-05 07:02:02'),(702,18,29,'2024-12-05 07:02:02'),(703,33,11,'2024-12-05 07:02:02'),(704,27,29,'2024-12-05 07:02:02'),(705,6,38,'2024-12-05 07:02:02'),(706,29,4,'2024-12-05 07:02:02'),(707,9,40,'2024-12-05 07:02:02'),(708,30,3,'2024-12-05 07:02:02'),(709,3,5,'2024-12-05 07:02:02'),(710,16,28,'2024-12-05 07:02:02'),(711,38,37,'2024-12-05 07:02:02'),(712,10,36,'2024-12-05 07:02:02'),(713,11,39,'2024-12-05 07:02:02'),(714,24,13,'2024-12-05 07:02:02'),(715,28,29,'2024-12-05 07:02:02'),(716,3,19,'2024-12-05 07:02:02'),(717,37,15,'2024-12-05 07:02:02'),(718,34,12,'2024-12-05 07:02:02'),(719,32,6,'2024-12-05 07:02:02'),(720,11,43,'2024-12-05 07:02:02'),(721,39,44,'2024-12-05 07:02:02'),(722,39,41,'2024-12-05 07:02:02'),(723,27,25,'2024-12-05 07:02:02'),(724,30,4,'2024-12-05 07:02:02'),(725,9,34,'2024-12-05 07:02:02'),(726,7,26,'2024-12-05 07:02:02'),(727,15,5,'2024-12-05 07:02:02'),(728,19,43,'2024-12-05 07:02:02'),(729,14,40,'2024-12-05 07:02:02'),(730,16,14,'2024-12-05 07:02:02'),(731,14,35,'2024-12-05 07:02:02'),(732,32,31,'2024-12-05 07:02:02'),(733,3,11,'2024-12-05 07:02:02'),(734,39,9,'2024-12-05 07:02:02'),(735,40,19,'2024-12-05 07:02:02'),(736,2,1,'2024-12-05 07:02:02'),(737,39,32,'2024-12-05 07:02:02'),(738,27,11,'2024-12-05 07:02:02'),(739,7,6,'2024-12-05 07:02:02'),(758,3,1,'2024-12-05 07:02:03'),(759,36,16,'2024-12-05 07:02:03'),(760,3,14,'2024-12-05 07:02:03'),(761,11,22,'2024-12-05 07:02:03'),(762,25,27,'2024-12-05 07:02:03'),(763,7,45,'2024-12-05 07:02:03'),(764,20,21,'2024-12-05 07:02:03'),(765,34,35,'2024-12-05 07:02:03'),(766,13,15,'2024-12-05 07:02:03'),(767,28,20,'2024-12-05 07:02:03'),(768,4,7,'2024-12-05 07:02:03'),(769,20,2,'2024-12-05 07:02:03'),(770,28,16,'2024-12-05 07:02:03'),(771,26,6,'2024-12-05 07:02:03'),(772,30,17,'2024-12-05 07:02:03'),(773,24,36,'2024-12-05 07:02:03'),(774,11,40,'2024-12-05 07:02:03'),(775,27,29,'2024-12-05 07:02:03'),(776,9,5,'2024-12-05 07:02:03'),(777,36,8,'2024-12-05 07:02:03'),(778,6,12,'2024-12-05 07:02:03'),(779,32,10,'2024-12-05 07:02:03'),(780,27,33,'2024-12-05 07:02:03'),(781,26,2,'2024-12-05 07:02:03'),(782,8,42,'2024-12-05 07:02:03'),(783,39,5,'2024-12-05 07:02:03'),(784,25,33,'2024-12-05 07:02:03'),(785,32,37,'2024-12-05 07:02:03'),(786,28,1,'2024-12-05 07:02:03'),(787,39,34,'2024-12-05 07:02:03'),(788,37,13,'2024-12-05 07:02:03'),(789,28,26,'2024-12-05 07:02:03'),(790,33,14,'2024-12-05 07:02:03'),(791,4,23,'2024-12-05 07:02:03'),(792,11,35,'2024-12-05 07:02:03'),(793,3,3,'2024-12-05 07:02:03'),(794,2,4,'2024-12-05 07:02:03'),(795,10,45,'2024-12-05 07:02:03'),(796,10,11,'2024-12-05 07:02:03'),(797,18,24,'2024-12-05 07:02:03'),(798,10,30,'2024-12-05 07:02:03'),(799,22,32,'2024-12-05 07:02:03'),(800,38,24,'2024-12-05 07:02:03'),(801,33,23,'2024-12-05 07:02:03'),(802,2,33,'2024-12-05 07:02:03'),(821,22,22,'2024-12-05 07:02:04'),(822,32,23,'2024-12-05 07:02:04'),(823,6,7,'2024-12-05 07:02:04'),(824,12,5,'2024-12-05 07:02:04'),(825,23,24,'2024-12-05 07:02:04'),(826,38,7,'2024-12-05 07:02:04'),(827,36,2,'2024-12-05 07:02:04'),(828,19,9,'2024-12-05 07:02:04'),(829,23,12,'2024-12-05 07:02:04'),(830,24,8,'2024-12-05 07:02:04'),(831,3,37,'2024-12-05 07:02:04'),(832,37,7,'2024-12-05 07:02:04'),(833,38,12,'2024-12-05 07:02:04'),(834,19,26,'2024-12-05 07:02:04'),(835,18,23,'2024-12-05 07:02:04'),(836,6,12,'2024-12-05 07:02:04'),(837,35,22,'2024-12-05 07:02:04'),(838,35,41,'2024-12-05 07:02:04'),(839,38,42,'2024-12-05 07:02:04'),(840,32,7,'2024-12-05 07:02:04'),(841,15,20,'2024-12-05 07:02:04'),(842,4,6,'2024-12-05 07:02:04'),(843,13,9,'2024-12-05 07:02:04'),(844,1,23,'2024-12-05 07:02:04'),(845,21,45,'2024-12-05 07:02:04'),(846,18,8,'2024-12-05 07:02:04'),(847,24,20,'2024-12-05 07:02:04'),(848,15,25,'2024-12-05 07:02:04'),(849,24,15,'2024-12-05 07:02:04'),(850,36,18,'2024-12-05 07:02:04'),(851,15,28,'2024-12-05 07:02:04'),(852,40,3,'2024-12-05 07:02:04'),(853,15,27,'2024-12-05 07:02:04'),(854,37,36,'2024-12-05 07:02:04'),(855,10,37,'2024-12-05 07:02:04'),(856,13,6,'2024-12-05 07:02:04'),(857,27,44,'2024-12-05 07:02:04'),(858,35,17,'2024-12-05 07:02:04'),(859,12,15,'2024-12-05 07:02:04'),(860,32,45,'2024-12-05 07:02:04'),(861,21,28,'2024-12-05 07:02:04'),(862,21,35,'2024-12-05 07:02:04'),(863,12,8,'2024-12-05 07:02:04'),(864,40,19,'2024-12-05 07:02:04'),(865,3,4,'2024-12-05 07:02:04'),(884,10,44,'2024-12-05 07:02:04'),(885,5,32,'2024-12-05 07:02:04'),(886,4,18,'2024-12-05 07:02:04'),(887,27,9,'2024-12-05 07:02:04'),(888,38,7,'2024-12-05 07:02:04'),(889,37,7,'2024-12-05 07:02:04'),(890,37,9,'2024-12-05 07:02:04'),(891,9,20,'2024-12-05 07:02:04'),(892,22,21,'2024-12-05 07:02:04'),(893,26,35,'2024-12-05 07:02:04'),(894,39,25,'2024-12-05 07:02:04'),(895,31,11,'2024-12-05 07:02:04'),(896,33,20,'2024-12-05 07:02:04'),(897,30,17,'2024-12-05 07:02:04'),(898,26,4,'2024-12-05 07:02:04'),(899,21,13,'2024-12-05 07:02:04'),(900,35,25,'2024-12-05 07:02:04'),(901,3,30,'2024-12-05 07:02:04'),(902,5,28,'2024-12-05 07:02:04'),(903,28,31,'2024-12-05 07:02:04'),(904,11,13,'2024-12-05 07:02:04'),(905,25,10,'2024-12-05 07:02:04'),(906,10,25,'2024-12-05 07:02:04'),(907,2,25,'2024-12-05 07:02:04'),(908,26,25,'2024-12-05 07:02:04'),(909,32,13,'2024-12-05 07:02:04'),(910,1,11,'2024-12-05 07:02:04'),(911,7,5,'2024-12-05 07:02:04'),(912,2,37,'2024-12-05 07:02:04'),(913,1,27,'2024-12-05 07:02:04'),(914,38,40,'2024-12-05 07:02:04'),(915,26,22,'2024-12-05 07:02:04'),(916,21,7,'2024-12-05 07:02:04'),(917,9,29,'2024-12-05 07:02:04'),(918,19,21,'2024-12-05 07:02:04'),(919,34,39,'2024-12-05 07:02:04'),(920,31,13,'2024-12-05 07:02:04'),(921,3,24,'2024-12-05 07:02:04'),(922,18,25,'2024-12-05 07:02:04'),(923,18,26,'2024-12-05 07:02:04'),(924,22,45,'2024-12-05 07:02:04'),(925,13,28,'2024-12-05 07:02:04'),(926,3,24,'2024-12-05 07:02:04'),(927,17,24,'2024-12-05 07:02:04'),(928,16,18,'2024-12-05 07:02:04'),(947,30,22,'2024-12-05 07:02:05'),(948,11,37,'2024-12-05 07:02:05'),(949,12,44,'2024-12-05 07:02:05'),(950,40,3,'2024-12-05 07:02:05'),(951,12,15,'2024-12-05 07:02:05'),(952,30,32,'2024-12-05 07:02:05'),(953,11,11,'2024-12-05 07:02:05'),(954,14,4,'2024-12-05 07:02:05'),(955,13,14,'2024-12-05 07:02:05'),(956,23,43,'2024-12-05 07:02:05'),(957,1,10,'2024-12-05 07:02:05'),(958,3,31,'2024-12-05 07:02:05'),(959,8,40,'2024-12-05 07:02:05'),(960,33,20,'2024-12-05 07:02:05'),(961,29,11,'2024-12-05 07:02:05'),(962,4,34,'2024-12-05 07:02:05'),(963,16,36,'2024-12-05 07:02:05'),(964,31,22,'2024-12-05 07:02:05'),(965,2,34,'2024-12-05 07:02:05'),(966,26,42,'2024-12-05 07:02:05'),(967,28,31,'2024-12-05 07:02:05'),(968,13,26,'2024-12-05 07:02:05'),(969,37,36,'2024-12-05 07:02:05'),(970,11,41,'2024-12-05 07:02:05'),(971,30,45,'2024-12-05 07:02:05'),(972,29,29,'2024-12-05 07:02:05'),(973,3,15,'2024-12-05 07:02:05'),(974,21,24,'2024-12-05 07:02:05'),(975,3,34,'2024-12-05 07:02:05'),(976,21,19,'2024-12-05 07:02:05'),(977,19,7,'2024-12-05 07:02:05'),(978,11,43,'2024-12-05 07:02:05'),(979,36,28,'2024-12-05 07:02:05'),(980,15,2,'2024-12-05 07:02:05'),(981,2,5,'2024-12-05 07:02:05'),(982,18,37,'2024-12-05 07:02:05'),(983,32,24,'2024-12-05 07:02:05'),(984,8,17,'2024-12-05 07:02:05'),(985,13,22,'2024-12-05 07:02:05'),(986,17,30,'2024-12-05 07:02:05'),(987,1,7,'2024-12-05 07:02:05'),(988,28,43,'2024-12-05 07:02:05'),(989,30,35,'2024-12-05 07:02:05'),(990,29,8,'2024-12-05 07:02:05'),(991,31,13,'2024-12-05 07:02:05'),(1010,1,5,'2024-12-05 07:30:05'),(1012,1,6,'2024-12-05 07:44:13'),(1013,1,35,'2024-12-05 07:44:16');
/*!40000 ALTER TABLE `likes_on_recipes` ENABLE KEYS */;
UNLOCK TABLES;

--
-- Table structure for table `recipes`
--

DROP TABLE IF EXISTS `recipes`;
/*!40101 SET @saved_cs_client     = @@character_set_client */;
/*!50503 SET character_set_client = utf8mb4 */;
CREATE TABLE `recipes` (
  `recipe_id` int NOT NULL AUTO_INCREMENT,
  `user_id` int DEFAULT NULL,
  `category_id` int DEFAULT NULL,
  `recipe_name` varchar(255) NOT NULL,
  `description` text,
  `ingredients` text,
  `instructions` text,
  `created_at` timestamp NULL DEFAULT CURRENT_TIMESTAMP,
  PRIMARY KEY (`recipe_id`),
  KEY `user_id` (`user_id`),
  KEY `category_id` (`category_id`),
  CONSTRAINT `recipes_ibfk_1` FOREIGN KEY (`user_id`) REFERENCES `users` (`user_id`),
  CONSTRAINT `recipes_ibfk_2` FOREIGN KEY (`category_id`) REFERENCES `categories` (`category_id`)
) ENGINE=InnoDB AUTO_INCREMENT=46 DEFAULT CHARSET=utf8mb4 COLLATE=utf8mb4_0900_ai_ci;
/*!40101 SET character_set_client = @saved_cs_client */;

--
-- Dumping data for table `recipes`
--

LOCK TABLES `recipes` WRITE;
/*!40000 ALTER TABLE `recipes` DISABLE KEYS */;
INSERT INTO `recipes` VALUES (1,1,1,'Stuffed Mushrooms','Mushrooms stuffed with cheese and herbs.','Mushrooms, cheese, herbs, garlic','Stuff mushrooms with cheese mixture, bake at 375°F for 20 minutes.','2024-12-05 06:56:39'),(2,2,2,'Chicken Alfredo','Creamy pasta with grilled chicken and alfredo sauce.','Chicken, fettuccine, alfredo sauce, parmesan','Cook chicken and pasta, combine with sauce and cheese.','2024-12-05 06:56:39'),(3,3,3,'Apple Pie','Classic American dessert with apples and cinnamon.','Apples, cinnamon, sugar, pie crust','Slice apples, mix with sugar and cinnamon, bake in pie crust.','2024-12-05 06:56:39'),(4,4,4,'Greek Salad','A fresh salad with feta, olives, and cucumbers.','Cucumbers, tomatoes, olives, feta, olive oil','Combine ingredients, drizzle with olive oil, season with salt and pepper.','2024-12-05 06:56:39'),(5,5,5,'Chicken Noodle Soup','Comforting soup with chicken and noodles.','Chicken, carrots, celery, noodles, broth','Cook vegetables and chicken, add broth and noodles, simmer.','2024-12-05 06:56:39'),(6,6,6,'Iced Coffee','Cold coffee drink served over ice.','Coffee, sugar, milk, ice','Brew coffee, sweeten, chill, and serve over ice.','2024-12-05 06:56:39'),(7,7,7,'Nachos','Tortilla chips topped with melted cheese and jalapenos.','Tortilla chips, cheese, jalapenos, sour cream','Layer chips, cheese, and jalapenos, bake at 400°F for 10 minutes.','2024-12-05 06:56:39'),(8,8,8,'Scrambled Eggs','Fluffy scrambled eggs for breakfast.','Eggs, butter, milk, salt, pepper','Whisk eggs with milk, cook in butter until scrambled.','2024-12-05 06:56:39'),(9,9,9,'Vegan Tofu Stir Fry','Stir-fried tofu with vegetables.','Tofu, soy sauce, bell peppers, broccoli, garlic','Sauté tofu and vegetables, toss with soy sauce.','2024-12-05 06:56:39'),(10,10,10,'Gluten-Free Pancakes','Fluffy pancakes without gluten.','Gluten-free flour, eggs, milk, sugar, butter','Mix ingredients, pour batter onto skillet, flip when bubbles form.','2024-12-05 06:56:39'),(11,1,2,'BBQ Ribs','Tender ribs with a smoky BBQ sauce.','Ribs, BBQ sauce, garlic, olive oil','Grill ribs, baste with BBQ sauce, cook until tender.','2024-12-05 06:56:39'),(12,2,3,'Cheesecake','Rich and creamy cheesecake with a graham cracker crust.','Cream cheese, sugar, eggs, graham crackers','Mix ingredients, bake at 350°F for 50 minutes, chill.','2024-12-05 06:56:39'),(13,3,5,'Vegetable Soup','A hearty soup with assorted vegetables.','Carrots, celery, potatoes, tomatoes, broth','Cook vegetables, add broth, simmer until tender.','2024-12-05 06:56:39'),(14,4,6,'Milkshake','A thick milkshake made with ice cream and milk.','Ice cream, milk, sugar, vanilla extract','Blend ice cream, milk, sugar, and vanilla until smooth.','2024-12-05 06:56:39'),(15,5,7,'Popcorn','Classic salted popcorn for snacking.','Popcorn kernels, butter, salt','Pop kernels, drizzle with melted butter, sprinkle with salt.','2024-12-05 06:56:39'),(16,6,8,'Omelette','Fluffy omelette with your choice of fillings.','Eggs, cheese, mushrooms, onions','Whisk eggs, pour into skillet, add fillings, fold.','2024-12-05 06:56:39'),(17,7,9,'Vegan Chili','A hearty chili with beans and vegetables.','Beans, tomatoes, onions, garlic, chili powder','Cook onions and garlic, add beans, tomatoes, and seasoning, simmer.','2024-12-05 06:56:39'),(18,8,10,'Gluten-Free Brownies','Chewy brownies without gluten.','Gluten-free flour, cocoa powder, sugar, butter, eggs','Mix ingredients, bake at 350°F for 25 minutes.','2024-12-05 06:56:39'),(19,9,1,'Garlic Bread','Crispy bread with garlic butter topping.','Bread, garlic, butter, parsley','Toast bread, spread with garlic butter, bake until golden.','2024-12-05 06:56:39'),(20,10,2,'Lemon Chicken','Tangy and flavorful lemon chicken.','Chicken, lemon, garlic, herbs','Marinate chicken in lemon and garlic, bake at 375°F for 25 minutes.','2024-12-05 06:56:39'),(21,1,3,'Strawberry Shortcake','Sweet shortcake with fresh strawberries and whipped cream.','Strawberries, whipped cream, shortcake biscuits, sugar','Layer strawberries, cream, and shortcake.','2024-12-05 06:56:39'),(22,2,4,'Caprese Salad','A simple salad with mozzarella, tomatoes, and basil.','Mozzarella, tomatoes, basil, olive oil','Layer tomatoes, cheese, and basil, drizzle with olive oil.','2024-12-05 06:56:39'),(23,3,5,'Beef Stew','A hearty stew with beef and vegetables.','Beef, carrots, potatoes, onions, broth','Brown beef, cook with vegetables and broth, simmer.','2024-12-05 06:56:39'),(24,4,6,'Fruit Punch','A refreshing drink with mixed fruits.','Orange juice, pineapple juice, strawberries, soda water','Mix juices and fruits, serve chilled with ice.','2024-12-05 06:56:39'),(25,5,7,'Cheese Sticks','Crispy cheese sticks with marinara sauce.','Cheese, breadcrumbs, egg, marinara sauce','Coat cheese sticks in breadcrumbs, fry until crispy, serve with sauce.','2024-12-05 06:56:39'),(26,6,8,'French Toast','Golden, crispy French toast for breakfast.','Eggs, bread, milk, cinnamon, syrup','Dip bread in egg mixture, cook on skillet, serve with syrup.','2024-12-05 06:56:39'),(27,7,9,'Vegan Burger','A plant-based burger with veggie patty and toppings.','Veggie patty, buns, lettuce, tomato, avocado','Grill veggie patty, assemble with buns and toppings.','2024-12-05 06:56:39'),(28,8,10,'Gluten-Free Pizza','A gluten-free pizza with your favorite toppings.','Gluten-free pizza dough, sauce, cheese, toppings','Bake pizza with sauce, cheese, and toppings at 400°F for 20 minutes.','2024-12-05 06:56:39'),(29,9,1,'Focaccia','Soft Italian bread topped with olive oil and herbs.','Flour, olive oil, yeast, rosemary, garlic','Mix dough, let rise, bake with oil and herbs.','2024-12-05 06:56:39'),(30,10,2,'Lasagna','Classic lasagna with meat, cheese, and tomato sauce.','Lasagna noodles, beef, mozzarella, ricotta, marinara','Layer noodles, meat, cheese, and sauce, bake at 350°F for 45 minutes.','2024-12-05 06:56:39'),(31,1,3,'Peach Cobbler','Warm dessert with fresh peaches and biscuit topping.','Peaches, flour, sugar, butter, cinnamon','Layer peaches, top with biscuit dough, bake at 375°F for 30 minutes.','2024-12-05 06:56:39'),(32,2,4,'Panzanella','Italian bread salad with tomatoes, cucumbers, and herbs.','Bread, tomatoes, cucumbers, olive oil, basil','Toss bread with veggies and oil, season with salt and pepper.','2024-12-05 06:56:39'),(33,3,5,'Clam Chowder','Creamy soup with clams and potatoes.','Clams, potatoes, onions, cream, butter','Cook onions, add clams and potatoes, simmer with cream.','2024-12-05 06:56:39'),(34,4,6,'Sangria','Spanish drink with wine, fruits, and brandy.','Red wine, oranges, lemons, brandy, soda water','Mix wine with fruits and brandy, chill, serve with ice.','2024-12-05 06:56:39'),(35,5,7,'Mini Quiches','Bite-sized quiches with eggs, cheese, and vegetables.','Eggs, cheese, spinach, mushrooms, pie crust','Fill pie crusts with egg mixture, bake at 350°F for 20 minutes.','2024-12-05 06:56:39'),(36,6,8,'Breakfast Burrito','A hearty breakfast wrapped in a tortilla.','Eggs, sausage, cheese, tortilla','Scramble eggs, cook sausage, assemble burrito.','2024-12-05 06:56:39'),(37,7,9,'Vegan Tacos with Jackfruit','Tacos filled with seasoned jackfruit for a plant-based option.','Jackfruit, tortillas, avocado, salsa','Cook jackfruit with spices, serve in tortillas with toppings.','2024-12-05 06:56:39'),(38,8,10,'Gluten-Free Muffins','Fluffy muffins made without gluten.','Gluten-free flour, sugar, eggs, butter','Mix ingredients, bake at 350°F for 20 minutes.','2024-12-05 06:56:39'),(39,9,1,'Breadsticks','Soft and buttery breadsticks with garlic and herbs.','Flour, butter, garlic, rosemary, yeast','Shape dough into sticks, bake at 375°F for 15 minutes.','2024-12-05 06:56:39'),(40,10,2,'Beef Tacos','Tacos filled with seasoned beef and toppings.','Beef, tortillas, cheese, lettuce, tomato','Cook beef with spices, assemble tacos with toppings.','2024-12-05 06:56:39'),(41,1,3,'Chocolate Chip Cookies','Classic cookies with chocolate chips.','Flour, sugar, butter, chocolate chips','Mix ingredients, bake at 350°F for 10 minutes.','2024-12-05 06:56:39'),(42,2,4,'Antipasto Salad','Italian salad with meats, cheeses, and olives.','Salami, mozzarella, olives, peppers, lettuce','Toss all ingredients, drizzle with olive oil and vinegar.','2024-12-05 06:56:39'),(43,3,5,'Pork Roast','Tender pork roast with a savory glaze.','Pork, garlic, rosemary, olive oil, honey','Rub pork with herbs and glaze, roast at 375°F for 1 hour.','2024-12-05 06:56:39'),(44,4,6,'Virgin Mojito','Refreshing mint drink without alcohol.','Mint, lime, sugar, soda water','Muddle mint with lime and sugar, top with soda water.','2024-12-05 06:56:39'),(45,5,7,'Cheese Fondue','Melted cheese served with bread and vegetables for dipping.','Cheese, wine, garlic, bread, vegetables','Melt cheese with wine and garlic, serve with dippers.','2024-12-05 06:56:39');
/*!40000 ALTER TABLE `recipes` ENABLE KEYS */;
UNLOCK TABLES;

--
-- Table structure for table `users`
--

DROP TABLE IF EXISTS `users`;
/*!40101 SET @saved_cs_client     = @@character_set_client */;
/*!50503 SET character_set_client = utf8mb4 */;
CREATE TABLE `users` (
  `user_id` int NOT NULL AUTO_INCREMENT,
  `username` varchar(100) NOT NULL,
  `email` varchar(100) NOT NULL,
  `password` varchar(255) NOT NULL,
  `created_at` timestamp NULL DEFAULT CURRENT_TIMESTAMP,
  PRIMARY KEY (`user_id`),
  UNIQUE KEY `email` (`email`)
) ENGINE=InnoDB AUTO_INCREMENT=41 DEFAULT CHARSET=utf8mb4 COLLATE=utf8mb4_0900_ai_ci;
/*!40101 SET character_set_client = @saved_cs_client */;

--
-- Dumping data for table `users`
--

LOCK TABLES `users` WRITE;
/*!40000 ALTER TABLE `users` DISABLE KEYS */;
INSERT INTO `users` VALUES (1,'john_doe','john@example.com','password123','2024-12-05 06:56:39'),(2,'jane_doe','jane@example.com','password456','2024-12-05 06:56:39'),(3,'michael_smith','michael@example.com','password789','2024-12-05 06:56:39'),(4,'emily_jones','emily@example.com','password101','2024-12-05 06:56:39'),(5,'david_brown','david@example.com','password202','2024-12-05 06:56:39'),(6,'susan_williams','susan@example.com','password303','2024-12-05 06:56:39'),(7,'peter_johnson','peter@example.com','password404','2024-12-05 06:56:39'),(8,'lisa_martin','lisa@example.com','password505','2024-12-05 06:56:39'),(9,'alex_white','alex@example.com','password606','2024-12-05 06:56:39'),(10,'nina_harris','nina@example.com','password707','2024-12-05 06:56:39'),(11,'Alice Johnson','alice.johnson@example.com','password123','2024-12-05 06:56:39'),(12,'Bob Smith','bob.smith@example.com','password123','2024-12-05 06:56:39'),(13,'Charlie Davis','charlie.davis@example.com','password123','2024-12-05 06:56:39'),(14,'David Wilson','david.wilson@example.com','password123','2024-12-05 06:56:39'),(15,'Eve Brown','eve.brown@example.com','password123','2024-12-05 06:56:39'),(16,'Frank Moore','frank.moore@example.com','password123','2024-12-05 06:56:39'),(17,'Grace Taylor','grace.taylor@example.com','password123','2024-12-05 06:56:39'),(18,'Harry Lee','harry.lee@example.com','password123','2024-12-05 06:56:39'),(19,'Ivy Harris','ivy.harris@example.com','password123','2024-12-05 06:56:39'),(20,'Jack Martin','jack.martin@example.com','password123','2024-12-05 06:56:39'),(21,'Kathy White','kathy.white@example.com','password123','2024-12-05 06:56:39'),(22,'Liam Young','liam.young@example.com','password123','2024-12-05 06:56:39'),(23,'Mona King','mona.king@example.com','password123','2024-12-05 06:56:39'),(24,'Nathan Scott','nathan.scott@example.com','password123','2024-12-05 06:56:39'),(25,'Olivia Adams','olivia.adams@example.com','password123','2024-12-05 06:56:39'),(26,'Paul Nelson','paul.nelson@example.com','password123','2024-12-05 06:56:39'),(27,'Quinn Carter','quinn.carter@example.com','password123','2024-12-05 06:56:39'),(28,'Rachel Perez','rachel.perez@example.com','password123','2024-12-05 06:56:39'),(29,'Samuel Roberts','samuel.roberts@example.com','password123','2024-12-05 06:56:39'),(30,'Tina Clark','tina.clark@example.com','password123','2024-12-05 06:56:39'),(31,'Ursula Lewis','ursula.lewis@example.com','password123','2024-12-05 06:56:39'),(32,'Victor Walker','victor.walker@example.com','password123','2024-12-05 06:56:39'),(33,'Wendy Hall','wendy.hall@example.com','password123','2024-12-05 06:56:39'),(34,'Xander Allen','xander.allen@example.com','password123','2024-12-05 06:56:39'),(35,'Yasmine Martinez','yasmine.martinez@example.com','password123','2024-12-05 06:56:39'),(36,'Zane Lopez','zane.lopez@example.com','password123','2024-12-05 06:56:39'),(37,'Amelia Carter','amelia.carter@example.com','password123','2024-12-05 06:56:39'),(38,'Benjamin Perez','benjamin.perez@example.com','password123','2024-12-05 06:56:39'),(39,'Cynthia Ramirez','cynthia.ramirez@example.com','password123','2024-12-05 06:56:39'),(40,'Derek Sanchez','derek.sanchez@example.com','password123','2024-12-05 06:56:39');
/*!40000 ALTER TABLE `users` ENABLE KEYS */;
UNLOCK TABLES;
/*!40103 SET TIME_ZONE=@OLD_TIME_ZONE */;

/*!40101 SET SQL_MODE=@OLD_SQL_MODE */;
/*!40014 SET FOREIGN_KEY_CHECKS=@OLD_FOREIGN_KEY_CHECKS */;
/*!40014 SET UNIQUE_CHECKS=@OLD_UNIQUE_CHECKS */;
/*!40101 SET CHARACTER_SET_CLIENT=@OLD_CHARACTER_SET_CLIENT */;
/*!40101 SET CHARACTER_SET_RESULTS=@OLD_CHARACTER_SET_RESULTS */;
/*!40101 SET COLLATION_CONNECTION=@OLD_COLLATION_CONNECTION */;
/*!40111 SET SQL_NOTES=@OLD_SQL_NOTES */;

-- Dump completed on 2024-12-05 16:07:37
